"from","to","strength","direction"
"Fear","Habit",0.999,0.55955955955956
"PHQ9_2","PHQ9_1",0.988,0.557186234817814
"AUDIT10_Total","PHQ9_5",0.965,0.567875647668394
"Habit","Reward",0.962,0.58004158004158
"PHQ9_4","PHQ9_2",0.96,0.609895833333333
"PHQ9_8","PHQ9_7",0.951,0.604626708727655
"Fear","Reward",0.931,0.655209452201933
"PHQ9_5","PHQ9_8",0.874,0.511441647597254
